[{"name":"Mi Wireless Switch","connection_type":"ZigBee","appearances":24,"firstSeen":"2025-01-17T00:00:00","lastSeen":"2025-01-17T23:00:00","lastStatus":"Online","firmwareVersion":"1.9.6"},{"name":"Mi Motion Sensor","connection_type":"ZigBee","appearances":24,"firstSeen":"2025-01-17T00:00:00","drainedAt":"2025-01-17T21:00:00","lastStatus":"Offline","firmwareVersion":"2.25.00"},{"name":"Xiaomi Smart Plug 2","connection_type":"Wi-Fi IEEE 802.11, Bluetooth 5.0","appearances":24,"firstSeen":"2025-01-17T00:00:00","lastSeen":"2025-01-17T23:00:00","lastStatus":"Online","firmwareVersion":"2.1.17","ipAddress":"192.168.0.6","macBlueAddress":"D4:3A:BC:12:34:5A"},{"name":"Xiaomi LED Desk Lamp 1S","connection_type":"Wi-Fi IEEE 802.11","appearances":24,"firstSeen":"2025-01-17T00:00:00","lastSeen":"2025-01-17T23:00:00","lastStatus":"Online","firmwareVersion":"11.0.0","ipAddress":"192.168.0.4","macBlueAddress":"D4:3A:BC:12:34:58"},{"name":"Xiaomi Smart Doorbell 3","connection_type":"Wi-Fi IEEE 802","appearances":24,"firstSeen":"2025-01-17T00:00:00","lastSeen":"2025-01-17T23:00:00","lastStatus":"Online","firmwareVersion":"3.0.16","ipAddress":"192.168.0.3","macBlueAddress":"D4:3A:BC:12:34:57"},{"name":"Motion Sensor 2S","connection_type":"Bluetooth 5.0","appearances":24,"firstSeen":"2025-01-17T00:00:00","lastSeen":"2025-01-17T23:00:00","lastStatus":"Online","firmwareVersion":"2.0.1","macBlueAddress":"58:7A:62:9D:EF:02"},{"name":"Mi Bedside Lamp 2","connection_type":"WiFi IEEE 802.11, Bluetooth 4.2","appearances":24,"firstSeen":"2025-01-17T00:00:00","lastSeen":"2025-01-17T23:00:00","lastStatus":"Online","firmwareVersion":"2.0.30","ipAddress":"192.168.0.5","macBlueAddress":"D4:3A:BC:12:34:59"},{"name":"Window and Door Sensor 2","connection_type":"Bluetooth 5.1","appearances":24,"firstSeen":"2025-01-17T00:00:00","drainedAt":"2025-01-17T23:00:00","lastStatus":"Offline","firmwareVersion":"1.0.1.1","macBlueAddress":"58:7A:62:9D:EF:03"},{"name":"Smart Temperature and Humidity Monitor 2","connection_type":"Bluetooth 4.2","appearances":24,"firstSeen":"2025-01-17T00:00:00","lastSeen":"2025-01-17T23:00:00","lastStatus":"Online","firmwareVersion":"2.1.1","macBlueAddress":"58:7A:62:9D:EF:01"},{"name":"Smart Home Hub 2","connection_type":"Wi-Fi IEEE 802.11, ZigBee, Bluetooth 5.0","appearances":24,"firstSeen":"2025-01-17T00:00:00","lastSeen":"2025-01-17T23:00:00","lastStatus":"Online","firmwareVersion":"1.0.7_0019","ipAddress":"192.168.0.2","macBlueAddress":"D4:3A:BC:12:34:56"},{"name":"Xiaomi 360 Degree Home Security Camera 2K Pro","connection_type":"Wi-Fi IEEE 802.11, Bluetooth 4.2","appearances":24,"firstSeen":"2025-01-17T00:00:00","lastSeen":"2025-01-17T23:00:00","lastStatus":"Online","firmwareVersion":"4.3.4_0372","ipAddress":"192.168.0.7","macBlueAddress":"D4:3A:BC:12:34:5B"}]